id;first_name;last_name;email;phone_number
1;Begine;Akşit;Begdemir.Kunt35@yahoo.com;suspiciously coarse judgementally
2;Ekim;Alnıaçık;Barcatoyun44@gmail.com;distinguish times might
3;İlgegü;Mayhoş;Gokce_Ertep8hnar48@yahoo.com;rivulet
4;Bengi;Abacı;Evin2@hotmail.com;frizzy beating phew
5;Alkabölük;Yeşilkaya;Batur_Aksit@hotmail.com;flimsy unexpectedly
6;Büdüstudun;Sandalcı;Karaca44@hotmail.com;excitedly readily whenever
7;Gökbörü;Kunt;Ayban.Mayhos67@yahoo.com;unhand
8;Atasagun;Hakyemez;Bolukbas8h_Akay@gmail.com;justly
9;Bağan;Çamdalı;Bagaturipi.Berberoglu3@hotmail.com;hmph
10;Barbulsun;Karaböcek;Bars_As8hkoglu@hotmail.com;pail
